Community Area,NAME,no_hs,hs,some_college,state,county,bachelors,graduate,population,period
ALBANY PARK,"Census Tract 1401, Cook County, Illinois",12553.0,8341.0,8692.0,17,31,6442.0,2944.0,52657.0,2005-2009
ARCHER HEIGHTS,"Census Tract 5701, Cook County, Illinois",3025.0,2889.0,1793.0,17,31,580.0,385.0,12315.0,2005-2009
ARMOUR SQUARE,"Census Tract 3401, Cook County, Illinois",3874.0,3114.0,1749.0,17,31,1522.0,704.0,13735.0,2005-2009
ASHBURN,"Census Tract 7001, Cook County, Illinois",6313.0,9851.0,9907.0,17,31,3802.0,1727.0,44627.0,2005-2009
AUBURN GRESHAM,"Census Tract 7101, Cook County, Illinois",8790.0,13131.0,13355.0,17,31,3541.0,1347.0,55258.0,2005-2009
AUSTIN,"Census Tract 2501, Cook County, Illinois",19137.0,26833.0,20590.0,17,31,5598.0,2693.0,103304.0,2005-2009
AVALON PARK,"Census Tract 4501, Cook County, Illinois",1144.0,1791.0,2764.0,17,31,1506.0,616.0,10420.0,2005-2009
AVONDALE,"Census Tract 2101, Cook County, Illinois",9265.0,9549.0,7769.0,17,31,4386.0,1352.0,42187.0,2005-2009
BELMONT CRAGIN,"Census Tract 1901, Cook County, Illinois",20131.0,19362.0,12039.0,17,31,4100.0,1259.0,81448.0,2005-2009
BEVERLY,"Census Tract 7201, Cook County, Illinois",943.0,2688.0,4643.0,17,31,4900.0,4028.0,23462.0,2005-2009
BRIDGEPORT,"Census Tract 6001, Cook County, Illinois",6238.0,7903.0,5222.0,17,31,3964.0,1980.0,32394.0,2005-2009
BRIGHTON PARK,"Census Tract 5801, Cook County, Illinois",13757.0,8460.0,4823.0,17,31,2360.0,337.0,45387.0,2005-2009
BURNSIDE,"Census Tract 4701, Cook County, Illinois",711.0,933.0,970.0,17,31,115.0,85.0,4138.0,2005-2009
CALUMET HEIGHTS,"Census Tract 4801, Cook County, Illinois",1979.0,3257.0,4379.0,17,31,2098.0,1409.0,16431.0,2005-2009
CHATHAM,"Census Tract 4401, Cook County, Illinois",4380.0,7510.0,10653.0,17,31,3124.0,2016.0,36584.0,2005-2009
CHICAGO LAWN,"Census Tract 6601, Cook County, Illinois",11692.0,13035.0,9403.0,17,31,2303.0,636.0,56019.0,2005-2009
CLEARING,"Census Tract 6401, Cook County, Illinois",3378.0,6651.0,6011.0,17,31,1919.0,534.0,24483.0,2005-2009
DOUGLAS,"Census Tract 3501, Cook County, Illinois",2565.0,3757.0,6379.0,17,31,3005.0,2066.0,21546.0,2005-2009
DUNNING,"Census Tract 1701, Cook County, Illinois",5887.0,11895.0,10456.0,17,31,4637.0,2615.0,44664.0,2005-2009
EAST GARFIELD PARK,"Census Tract 2701, Cook County, Illinois",3458.0,4985.0,4244.0,17,31,989.0,486.0,20915.0,2005-2009
EAST SIDE,"Census Tract 5201, Cook County, Illinois",5841.0,6298.0,4010.0,17,31,1065.0,397.0,26608.0,2005-2009
EDGEWATER,"Census Tract 301, Cook County, Illinois",4122.0,8611.0,13738.0,17,31,14217.0,9904.0,57846.0,2005-2009
EDISON PARK,"Census Tract 901, Cook County, Illinois",677.0,1971.0,3085.0,17,31,2496.0,1201.0,11715.0,2005-2009
ENGLEWOOD,"Census Tract 6801, Cook County, Illinois",6439.0,8003.0,7621.0,17,31,1208.0,430.0,35186.0,2005-2009
FOREST GLEN,"Census Tract 1201, Cook County, Illinois",1634.0,3588.0,4623.0,17,31,4470.0,3496.0,23417.0,2005-2009
FULLER PARK,"Census Tract 3701, Cook County, Illinois",825.0,866.0,765.0,17,31,152.0,20.0,3317.0,2005-2009
GAGE PARK,"Census Tract 6301, Cook County, Illinois",12598.0,7313.0,4362.0,17,31,1211.0,272.0,39981.0,2005-2009
GARFIELD RIDGE,"Census Tract 8208, Cook County, Illinois",6214.0,10969.0,8102.0,17,31,3207.0,1219.0,39844.0,2005-2009
GRAND BOULEVARD,"Census Tract 3801, Cook County, Illinois",3271.0,3883.0,4892.0,17,31,2059.0,1470.0,21777.0,2005-2009
GREATER GRAND CROSSING,"Census Tract 6901, Cook County, Illinois",5431.0,7812.0,9526.0,17,31,2715.0,1214.0,37465.0,2005-2009
HEGEWISCH,"Census Tract 5501, Cook County, Illinois",1401.0,3122.0,2323.0,17,31,951.0,227.0,10880.0,2005-2009
HERMOSA,"Census Tract 2001, Cook County, Illinois",6814.0,5915.0,3766.0,17,31,1217.0,321.0,26060.0,2005-2009
HUMBOLDT PARK,"Census Tract 2301, Cook County, Illinois",14583.0,12836.0,9150.0,17,31,2120.0,863.0,57763.0,2005-2009
HYDE PARK,"Census Tract 4101, Cook County, Illinois",1155.0,2273.0,5732.0,17,31,5565.0,8881.0,27604.0,2005-2009
IRVING PARK,"Census Tract 1608, Cook County, Illinois",10318.0,10109.0,10752.0,17,31,8490.0,4544.0,58410.0,2005-2009
JEFFERSON PARK,"Census Tract 1101, Cook County, Illinois",3357.0,7289.0,6232.0,17,31,4369.0,1767.0,28812.0,2005-2009
KENWOOD,"Census Tract 3901, Cook County, Illinois",1544.0,2024.0,4081.0,17,31,2815.0,3646.0,17870.0,2005-2009
LAKE VIEW,"Census Tract 601, Cook County, Illinois",2826.0,5688.0,13490.0,17,31,39125.0,21113.0,91812.0,2005-2009
LINCOLN PARK,"Census Tract 701, Cook County, Illinois",2363.0,4317.0,10505.0,17,31,25419.0,17894.0,69518.0,2005-2009
LINCOLN SQUARE,"Census Tract 401, Cook County, Illinois",4817.0,5629.0,6614.0,17,31,10845.0,5852.0,40971.0,2005-2009
LOGAN SQUARE,"Census Tract 2201, Cook County, Illinois",13307.0,14595.0,12789.0,17,31,15061.0,7539.0,81140.0,2005-2009
LOOP,"Census Tract 3201, Cook County, Illinois",617.0,1803.0,3992.0,17,31,6190.0,5980.0,20006.0,2005-2009
LOWER WEST SIDE,"Census Tract 3101, Cook County, Illinois",11830.0,5920.0,4874.0,17,31,3060.0,1447.0,37477.0,2005-2009
MCKINLEY PARK,"Census Tract 5901, Cook County, Illinois",4156.0,4144.0,2445.0,17,31,1032.0,406.0,16192.0,2005-2009
MONTCLARE,"Census Tract 1801, Cook County, Illinois",2911.0,3737.0,2768.0,17,31,1361.0,354.0,14556.0,2005-2009
MORGAN PARK,"Census Tract 7501, Cook County, Illinois",2608.0,5944.0,7747.0,17,31,3379.0,2160.0,29199.0,2005-2009
MOUNT GREENWOOD,"Census Tract 7401, Cook County, Illinois",863.0,4752.0,5283.0,17,31,2488.0,1123.0,19550.0,2005-2009
NEAR NORTH SIDE,"Census Tract 801, Cook County, Illinois",2802.0,5663.0,12851.0,17,31,26577.0,23212.0,77412.0,2005-2009
NEAR SOUTH SIDE,"Census Tract 3301, Cook County, Illinois",1355.0,1383.0,2620.0,17,31,4432.0,4344.0,16657.0,2005-2009
NEAR WEST SIDE,"Census Tract 2801, Cook County, Illinois",5974.0,6949.0,9633.0,17,31,10980.0,9933.0,52384.0,2005-2009
NEW CITY,"Census Tract 6101, Cook County, Illinois",12645.0,8726.0,6696.0,17,31,1434.0,552.0,47011.0,2005-2009
NORTH CENTER,"Census Tract 501, Cook County, Illinois",1887.0,4191.0,4206.0,17,31,12259.0,6128.0,34623.0,2005-2009
NORTH LAWNDALE,"Census Tract 2901, Cook County, Illinois",7426.0,8490.0,6176.0,17,31,1375.0,667.0,36243.0,2005-2009
NORTH PARK,"Census Tract 1301, Cook County, Illinois",2644.0,2956.0,3504.0,17,31,3176.0,2329.0,19249.0,2005-2009
NORWOOD PARK,"Census Tract 1001, Cook County, Illinois",4774.0,9066.0,9494.0,17,31,6000.0,2932.0,41097.0,2005-2009
OAKLAND,"Census Tract 3601, Cook County, Illinois",287.0,664.0,517.0,17,31,353.0,265.0,2825.0,2005-2009
OHARE,"Census Tract 8116, Cook County, Illinois",5066.0,11795.0,9387.0,17,31,5100.0,2445.0,41307.0,2005-2009
PORTAGE PARK,"Census Tract 1501, Cook County, Illinois",9755.0,16274.0,13621.0,17,31,7157.0,3795.0,66365.0,2005-2009
PULLMAN,"Census Tract 5001, Cook County, Illinois",850.0,1803.0,2047.0,17,31,660.0,313.0,7900.0,2005-2009
RIVERDALE,"Census Tract 5401, Cook County, Illinois",1018.0,1738.0,1710.0,17,31,310.0,55.0,7924.0,2005-2009
ROGERS PARK,"Census Tract 101, Cook County, Illinois",8114.0,7914.0,13253.0,17,31,9689.0,5826.0,56125.0,2005-2009
ROSELAND,"Census Tract 4901, Cook County, Illinois",6761.0,10895.0,14200.0,17,31,3127.0,1901.0,49833.0,2005-2009
SOUTH CHICAGO,"Census Tract 4601, Cook County, Illinois",6972.0,7167.0,6825.0,17,31,2525.0,761.0,34796.0,2005-2009
SOUTH DEERING,"Census Tract 5101, Cook County, Illinois",3379.0,4014.0,3933.0,17,31,934.0,500.0,17725.0,2005-2009
SOUTH LAWNDALE,"Census Tract 3001, Cook County, Illinois",30769.0,13790.0,7344.0,17,31,2120.0,551.0,77324.0,2005-2009
SOUTH SHORE,"Census Tract 4301, Cook County, Illinois",6636.0,9707.0,14123.0,17,31,6377.0,3271.0,54128.0,2005-2009
UPTOWN,"Census Tract 310, Cook County, Illinois",7253.0,9103.0,11244.0,17,31,14803.0,9210.0,60070.0,2005-2009
WASHINGTON HEIGHTS,"Census Tract 7301, Cook County, Illinois",3311.0,7625.0,6995.0,17,31,1749.0,1687.0,28246.0,2005-2009
WASHINGTON PARK,"Census Tract 4001, Cook County, Illinois",2351.0,2481.0,2240.0,17,31,645.0,302.0,12271.0,2005-2009
WEST ELSDON,"Census Tract 6201, Cook County, Illinois",4880.0,3906.0,2542.0,17,31,1130.0,342.0,18249.0,2005-2009
WEST ENGLEWOOD,"Census Tract 6701, Cook County, Illinois",9232.0,10338.0,8347.0,17,31,1289.0,322.0,42329.0,2005-2009
WEST GARFIELD PARK,"Census Tract 2604, Cook County, Illinois",3787.0,4979.0,3305.0,17,31,604.0,284.0,19264.0,2005-2009
WEST LAWN,"Census Tract 6501, Cook County, Illinois",7490.0,8177.0,4781.0,17,31,1203.0,458.0,33310.0,2005-2009
WEST PULLMAN,"Census Tract 5301, Cook County, Illinois",5545.0,7858.0,8218.0,17,31,1724.0,749.0,34759.0,2005-2009
WEST RIDGE,"Census Tract 201, Cook County, Illinois",9784.0,12164.0,13568.0,17,31,11314.0,6547.0,71915.0,2005-2009
WEST TOWN,"Census Tract 2401, Cook County, Illinois",10432.0,10647.0,13711.0,17,31,23861.0,12901.0,86354.0,2005-2009
WOODLAWN,"Census Tract 4201, Cook County, Illinois",3745.0,4609.0,5164.0,17,31,2292.0,1282.0,23410.0,2005-2009
ALBANY PARK,"Census Tract 1406.01, Cook County, Illinois",9353.0,7862.0,7329.0,17,31,6308.0,3906.0,52930.0,2010-2014
ARCHER HEIGHTS,"Census Tract 5704, Cook County, Illinois",2733.0,2982.0,1910.0,17,31,621.0,241.0,13998.0,2010-2014
ARMOUR SQUARE,"Census Tract 3404, Cook County, Illinois",3285.0,2990.0,1419.0,17,31,1283.0,768.0,13850.0,2010-2014
ASHBURN,"Census Tract 7004.01, Cook County, Illinois",4389.0,7842.0,9189.0,17,31,3906.0,1574.0,42809.0,2010-2014
AUBURN GRESHAM,"Census Tract 7107, Cook County, Illinois",5586.0,10648.0,10843.0,17,31,2586.0,1533.0,47611.0,2010-2014
AUSTIN,"Census Tract 2508, Cook County, Illinois",15038.0,21453.0,17741.0,17,31,4750.0,2388.0,99711.0,2010-2014
AVALON PARK,"Census Tract 8343, Cook County, Illinois",764.0,1715.0,3174.0,17,31,1116.0,519.0,10098.0,2010-2014
AVONDALE,"Census Tract 2101, Cook County, Illinois",6729.0,7624.0,4768.0,17,31,4108.0,2499.0,39117.0,2010-2014
BELMONT CRAGIN,"Census Tract 1908, Cook County, Illinois",18317.0,14103.0,9629.0,17,31,3648.0,1497.0,79069.0,2010-2014
BEVERLY,"Census Tract 7203, Cook County, Illinois",382.0,1931.0,3998.0,17,31,4016.0,3871.0,21002.0,2010-2014
BRIDGEPORT,"Census Tract 8397, Cook County, Illinois",5076.0,6538.0,4890.0,17,31,3378.0,2050.0,31939.0,2010-2014
BRIGHTON PARK,"Census Tract 5802, Cook County, Illinois",11516.0,7712.0,4059.0,17,31,1369.0,530.0,44130.0,2010-2014
BURNSIDE,"Census Tract 4701, Cook County, Illinois",387.0,566.0,654.0,17,31,76.0,89.0,2618.0,2010-2014
CALUMET HEIGHTS,"Census Tract 4805, Cook County, Illinois",1058.0,2272.0,3904.0,17,31,1487.0,1320.0,13400.0,2010-2014
CHATHAM,"Census Tract 4408, Cook County, Illinois",2837.0,5888.0,7479.0,17,31,3511.0,1999.0,31493.0,2010-2014
CHICAGO LAWN,"Census Tract 6606, Cook County, Illinois",9630.0,10940.0,8332.0,17,31,2111.0,744.0,56293.0,2010-2014
CLEARING,"Census Tract 6405, Cook County, Illinois",2732.0,6253.0,4744.0,17,31,2098.0,772.0,24452.0,2010-2014
DOUGLAS,"Census Tract 3510, Cook County, Illinois",1858.0,2536.0,3547.0,17,31,2544.0,2321.0,19430.0,2010-2014
DUNNING,"Census Tract 1701, Cook County, Illinois",4487.0,10529.0,8952.0,17,31,4854.0,2247.0,43053.0,2010-2014
EAST GARFIELD PARK,"Census Tract 8368, Cook County, Illinois",2456.0,4039.0,3658.0,17,31,1015.0,540.0,20271.0,2010-2014
EAST SIDE,"Census Tract 5203, Cook County, Illinois",4201.0,5111.0,2917.0,17,31,1214.0,545.0,23739.0,2010-2014
EDGEWATER,"Census Tract 301.02, Cook County, Illinois",3679.0,5447.0,9555.0,17,31,12758.0,9585.0,53038.0,2010-2014
EDISON PARK,"Census Tract 901, Cook County, Illinois",644.0,1725.0,2441.0,17,31,2224.0,1246.0,10993.0,2010-2014
ENGLEWOOD,"Census Tract 6812, Cook County, Illinois",4567.0,5421.0,5086.0,17,31,742.0,224.0,27297.0,2010-2014
FOREST GLEN,"Census Tract 1204, Cook County, Illinois",607.0,2262.0,2481.0,17,31,4337.0,3045.0,18478.0,2010-2014
FULLER PARK,"Census Tract 8355, Cook County, Illinois",414.0,592.0,492.0,17,31,115.0,115.0,2543.0,2010-2014
GAGE PARK,"Census Tract 6308, Cook County, Illinois",11000.0,6870.0,3373.0,17,31,984.0,288.0,40381.0,2010-2014
GARFIELD RIDGE,"Census Tract 9801, Cook County, Illinois",4261.0,7772.0,6685.0,17,31,3519.0,1679.0,34743.0,2010-2014
GRAND BOULEVARD,"Census Tract 8436, Cook County, Illinois",2309.0,3453.0,5069.0,17,31,2102.0,1786.0,22531.0,2010-2014
GREATER GRAND CROSSING,"Census Tract 6913, Cook County, Illinois",3053.0,6013.0,7849.0,17,31,2355.0,994.0,32849.0,2010-2014
HEGEWISCH,"Census Tract 5501, Cook County, Illinois",1173.0,2071.0,2046.0,17,31,850.0,376.0,9338.0,2010-2014
HERMOSA,"Census Tract 2004.01, Cook County, Illinois",6187.0,4155.0,3092.0,17,31,1096.0,361.0,24836.0,2010-2014
HUMBOLDT PARK,"Census Tract 2308, Cook County, Illinois",9589.0,10261.0,7457.0,17,31,3033.0,956.0,54515.0,2010-2014
HYDE PARK,"Census Tract 8362, Cook County, Illinois",369.0,984.0,1830.0,17,31,2855.0,5003.0,18513.0,2010-2014
IRVING PARK,"Census Tract 1605.02, Cook County, Illinois",8270.0,8890.0,8427.0,17,31,9217.0,4133.0,56490.0,2010-2014
JEFFERSON PARK,"Census Tract 1103, Cook County, Illinois",2589.0,5262.0,5323.0,17,31,4250.0,1914.0,26975.0,2010-2014
KENWOOD,"Census Tract 3904, Cook County, Illinois",1101.0,1434.0,2148.0,17,31,1596.0,1955.0,12075.0,2010-2014
LAKE VIEW,"Census Tract 628, Cook County, Illinois",1623.0,4110.0,8420.0,17,31,30866.0,20386.0,87343.0,2010-2014
LINCOLN PARK,"Census Tract 705, Cook County, Illinois",1440.0,2269.0,4409.0,17,31,20594.0,17234.0,65951.0,2010-2014
LINCOLN SQUARE,"Census Tract 401, Cook County, Illinois",3260.0,3981.0,5856.0,17,31,10988.0,6792.0,39547.0,2010-2014
LOGAN SQUARE,"Census Tract 2226, Cook County, Illinois",7108.0,11029.0,9681.0,17,31,15453.0,8085.0,74055.0,2010-2014
LOOP,"Census Tract 3204, Cook County, Illinois",525.0,1333.0,3184.0,17,31,9282.0,8926.0,30642.0,2010-2014
LOWER WEST SIDE,"Census Tract 3105, Cook County, Illinois",7733.0,5688.0,3903.0,17,31,3294.0,1426.0,34979.0,2010-2014
MCKINLEY PARK,"Census Tract 5907, Cook County, Illinois",3262.0,3311.0,2017.0,17,31,1277.0,619.0,16449.0,2010-2014
MONTCLARE,"Census Tract 1801, Cook County, Illinois",2000.0,2627.0,2372.0,17,31,968.0,406.0,12840.0,2010-2014
MORGAN PARK,"Census Tract 7502, Cook County, Illinois",1524.0,3887.0,5582.0,17,31,2555.0,2208.0,23204.0,2010-2014
MOUNT GREENWOOD,"Census Tract 7401, Cook County, Illinois",552.0,3328.0,3922.0,17,31,2533.0,1413.0,18357.0,2010-2014
NEAR NORTH SIDE,"Census Tract 811, Cook County, Illinois",1638.0,3680.0,8468.0,17,31,25667.0,21850.0,74080.0,2010-2014
NEAR SOUTH SIDE,"Census Tract 8410, Cook County, Illinois",1137.0,1372.0,3048.0,17,31,5627.0,6330.0,22021.0,2010-2014
NEAR WEST SIDE,"Census Tract 2831, Cook County, Illinois",3369.0,4445.0,6060.0,17,31,13663.0,12351.0,58899.0,2010-2014
NEW CITY,"Census Tract 8438, Cook County, Illinois",8704.0,8635.0,4234.0,17,31,1145.0,588.0,41598.0,2010-2014
NORTH CENTER,"Census Tract 503, Cook County, Illinois",1567.0,2842.0,4075.0,17,31,10832.0,6610.0,34815.0,2010-2014
NORTH LAWNDALE,"Census Tract 2916, Cook County, Illinois",5195.0,6265.0,5966.0,17,31,1302.0,587.0,35623.0,2010-2014
NORTH PARK,"Census Tract 1302, Cook County, Illinois",1520.0,2138.0,3185.0,17,31,3785.0,2033.0,18058.0,2010-2014
NORWOOD PARK,"Census Tract 1001, Cook County, Illinois",2202.0,7286.0,8467.0,17,31,5802.0,3284.0,36486.0,2010-2014
OAKLAND,"Census Tract 3602, Cook County, Illinois",361.0,442.0,695.0,17,31,148.0,51.0,3264.0,2010-2014
OHARE,"Census Tract 9800, Cook County, Illinois",1193.0,2894.0,2765.0,17,31,2047.0,1271.0,14143.0,2010-2014
PORTAGE PARK,"Census Tract 1504.01, Cook County, Illinois",8049.0,14004.0,12041.0,17,31,7174.0,3169.0,64427.0,2010-2014
PULLMAN,"Census Tract 5002, Cook County, Illinois",772.0,1325.0,1903.0,17,31,685.0,343.0,6970.0,2010-2014
RIVERDALE,"Census Tract 5401.01, Cook County, Illinois",830.0,1077.0,1094.0,17,31,99.0,29.0,7190.0,2010-2014
ROGERS PARK,"Census Tract 102.01, Cook County, Illinois",6011.0,6811.0,7991.0,17,31,8516.0,5347.0,50323.0,2010-2014
ROSELAND,"Census Tract 4905, Cook County, Illinois",4635.0,7777.0,10757.0,17,31,3502.0,2026.0,44267.0,2010-2014
SOUTH CHICAGO,"Census Tract 4602, Cook County, Illinois",4452.0,4725.0,5928.0,17,31,1522.0,907.0,28550.0,2010-2014
SOUTH DEERING,"Census Tract 5103, Cook County, Illinois",2095.0,3169.0,3492.0,17,31,631.0,451.0,15570.0,2010-2014
SOUTH LAWNDALE,"Census Tract 3007, Cook County, Illinois",22549.0,10925.0,5808.0,17,31,1709.0,607.0,72881.0,2010-2014
SOUTH SHORE,"Census Tract 4304, Cook County, Illinois",3778.0,6428.0,9284.0,17,31,3135.0,2192.0,39552.0,2010-2014
UPTOWN,"Census Tract 317, Cook County, Illinois",4742.0,6768.0,8521.0,17,31,14469.0,9580.0,54062.0,2010-2014
WASHINGTON HEIGHTS,"Census Tract 7303, Cook County, Illinois",2061.0,5759.0,6909.0,17,31,2493.0,1143.0,26435.0,2010-2014
WASHINGTON PARK,"Census Tract 8361, Cook County, Illinois",1311.0,1682.0,2006.0,17,31,635.0,465.0,11647.0,2010-2014
WEST ELSDON,"Census Tract 6201, Cook County, Illinois",3514.0,4274.0,2555.0,17,31,717.0,261.0,19165.0,2010-2014
WEST ENGLEWOOD,"Census Tract 6701, Cook County, Illinois",5331.0,8032.0,6161.0,17,31,1180.0,395.0,34272.0,2010-2014
WEST GARFIELD PARK,"Census Tract 2606, Cook County, Illinois",2827.0,4071.0,3072.0,17,31,367.0,90.0,18885.0,2010-2014
WEST LAWN,"Census Tract 6503.01, Cook County, Illinois",6650.0,6436.0,4729.0,17,31,1463.0,558.0,33477.0,2010-2014
WEST PULLMAN,"Census Tract 5305.01, Cook County, Illinois",3332.0,5693.0,6037.0,17,31,1495.0,1001.0,28160.0,2010-2014
WEST RIDGE,"Census Tract 202, Cook County, Illinois",8247.0,10212.0,10730.0,17,31,12323.0,6753.0,73019.0,2010-2014
WEST TOWN,"Census Tract 2407, Cook County, Illinois",7687.0,7707.0,9544.0,17,31,24383.0,13670.0,84319.0,2010-2014
WOODLAWN,"Census Tract 8439, Cook County, Illinois",2480.0,3286.0,5345.0,17,31,2262.0,1791.0,25451.0,2010-2014
ALBANY PARK,"Census Tract 1401, Cook County, Illinois",6730.0,8105.0,6404.0,17,31,8265.0,4207.0,49806.0,2015-2019
ARCHER HEIGHTS,"Census Tract 5701, Cook County, Illinois",2458.0,3253.0,1564.0,17,31,840.0,237.0,13726.0,2015-2019
ARMOUR SQUARE,"Census Tract 3406, Cook County, Illinois",3843.0,2522.0,1282.0,17,31,1725.0,936.0,13538.0,2015-2019
ASHBURN,"Census Tract 7002, Cook County, Illinois",4624.0,7943.0,9129.0,17,31,3690.0,2092.0,43356.0,2015-2019
AUBURN GRESHAM,"Census Tract 7101, Cook County, Illinois",4977.0,9750.0,11889.0,17,31,2960.0,1632.0,45909.0,2015-2019
AUSTIN,"Census Tract 8313, Cook County, Illinois",11584.0,22218.0,18847.0,17,31,6097.0,3242.0,93727.0,2015-2019
AVALON PARK,"Census Tract 8343, Cook County, Illinois",736.0,1893.0,2435.0,17,31,1151.0,799.0,9713.0,2015-2019
AVONDALE,"Census Tract 8311, Cook County, Illinois",5164.0,5827.0,5729.0,17,31,6598.0,3469.0,38118.0,2015-2019
BELMONT CRAGIN,"Census Tract 1910, Cook County, Illinois",15912.0,15655.0,11832.0,17,31,4860.0,1878.0,78601.0,2015-2019
BEVERLY,"Census Tract 7201, Cook County, Illinois",493.0,1988.0,3912.0,17,31,4029.0,3718.0,19791.0,2015-2019
BRIDGEPORT,"Census Tract 6007, Cook County, Illinois",4592.0,6628.0,5559.0,17,31,5563.0,3040.0,34540.0,2015-2019
BRIGHTON PARK,"Census Tract 5807, Cook County, Illinois",9262.0,10044.0,4493.0,17,31,2300.0,693.0,44156.0,2015-2019
BURNSIDE,"Census Tract 4701, Cook County, Illinois",238.0,607.0,467.0,17,31,115.0,117.0,2006.0,2015-2019
CALUMET HEIGHTS,"Census Tract 4805, Cook County, Illinois",775.0,2320.0,3905.0,17,31,1788.0,782.0,12815.0,2015-2019
CHATHAM,"Census Tract 4409, Cook County, Illinois",2688.0,5819.0,8114.0,17,31,3312.0,1909.0,30967.0,2015-2019
CHICAGO LAWN,"Census Tract 6610, Cook County, Illinois",8208.0,12955.0,7878.0,17,31,1886.0,749.0,51352.0,2015-2019
CLEARING,"Census Tract 6404, Cook County, Illinois",2432.0,6113.0,5059.0,17,31,2418.0,849.0,24976.0,2015-2019
DOUGLAS,"Census Tract 3510, Cook County, Illinois",1514.0,2396.0,3849.0,17,31,3345.0,2843.0,21353.0,2015-2019
DUNNING,"Census Tract 1709, Cook County, Illinois",3407.0,9824.0,9796.0,17,31,5513.0,2941.0,43445.0,2015-2019
EAST GARFIELD PARK,"Census Tract 2705, Cook County, Illinois",2489.0,3567.0,3533.0,17,31,1232.0,646.0,18940.0,2015-2019
EAST SIDE,"Census Tract 5204, Cook County, Illinois",4028.0,5089.0,3283.0,17,31,1190.0,445.0,23723.0,2015-2019
EDGEWATER,"Census Tract 301.02, Cook County, Illinois",4055.0,6049.0,8633.0,17,31,14140.0,11190.0,55407.0,2015-2019
EDISON PARK,"Census Tract 901, Cook County, Illinois",364.0,1604.0,2230.0,17,31,2493.0,1566.0,11264.0,2015-2019
ENGLEWOOD,"Census Tract 6814, Cook County, Illinois",3463.0,5076.0,4653.0,17,31,1000.0,386.0,22921.0,2015-2019
FOREST GLEN,"Census Tract 1201, Cook County, Illinois",806.0,1830.0,3245.0,17,31,4247.0,3576.0,19384.0,2015-2019
FULLER PARK,"Census Tract 8355, Cook County, Illinois",369.0,718.0,456.0,17,31,104.0,52.0,2330.0,2015-2019
GAGE PARK,"Census Tract 6302, Cook County, Illinois",7028.0,9175.0,4152.0,17,31,1181.0,302.0,37478.0,2015-2019
GARFIELD RIDGE,"Census Tract 5609, Cook County, Illinois",4366.0,8399.0,7403.0,17,31,3815.0,1718.0,37207.0,2015-2019
GRAND BOULEVARD,"Census Tract 3801, Cook County, Illinois",2030.0,3395.0,4841.0,17,31,2986.0,2197.0,22643.0,2015-2019
GREATER GRAND CROSSING,"Census Tract 6911, Cook County, Illinois",2752.0,5658.0,8453.0,17,31,2179.0,1419.0,30149.0,2015-2019
HEGEWISCH,"Census Tract 5501, Cook County, Illinois",1026.0,2324.0,1941.0,17,31,630.0,391.0,9089.0,2015-2019
HERMOSA,"Census Tract 2001, Cook County, Illinois",5237.0,4211.0,3396.0,17,31,1647.0,795.0,23481.0,2015-2019
HUMBOLDT PARK,"Census Tract 2307, Cook County, Illinois",10043.0,9763.0,9191.0,17,31,3563.0,2015.0,55364.0,2015-2019
HYDE PARK,"Census Tract 4108, Cook County, Illinois",475.0,676.0,1544.0,17,31,2632.0,5694.0,18624.0,2015-2019
IRVING PARK,"Census Tract 1609, Cook County, Illinois",5778.0,8144.0,8855.0,17,31,10014.0,5713.0,53530.0,2015-2019
JEFFERSON PARK,"Census Tract 1101, Cook County, Illinois",1899.0,5218.0,5675.0,17,31,4824.0,2441.0,27503.0,2015-2019
KENWOOD,"Census Tract 3904, Cook County, Illinois",636.0,1330.0,2160.0,17,31,2196.0,2458.0,12582.0,2015-2019
LAKE VIEW,"Census Tract 8319, Cook County, Illinois",1484.0,3092.0,7240.0,17,31,32410.0,22583.0,89861.0,2015-2019
LINCOLN PARK,"Census Tract 8325, Cook County, Illinois",1083.0,2839.0,3971.0,17,31,23451.0,18192.0,69465.0,2015-2019
LINCOLN SQUARE,"Census Tract 8308, Cook County, Illinois",2218.0,3825.0,5669.0,17,31,12309.0,8383.0,42103.0,2015-2019
LOGAN SQUARE,"Census Tract 8309, Cook County, Illinois",4705.0,9887.0,8335.0,17,31,19728.0,11465.0,73277.0,2015-2019
LOOP,"Census Tract 8390, Cook County, Illinois",506.0,1153.0,3560.0,17,31,11456.0,12623.0,38655.0,2015-2019
LOWER WEST SIDE,"Census Tract 3104, Cook County, Illinois",6513.0,3874.0,4657.0,17,31,5171.0,2863.0,33203.0,2015-2019
MCKINLEY PARK,"Census Tract 5906, Cook County, Illinois",2752.0,3109.0,2248.0,17,31,1481.0,718.0,15177.0,2015-2019
MONTCLARE,"Census Tract 8316, Cook County, Illinois",1858.0,3028.0,3091.0,17,31,1031.0,645.0,14267.0,2015-2019
MORGAN PARK,"Census Tract 7502, Cook County, Illinois",1050.0,3188.0,4709.0,17,31,3023.0,2689.0,21050.0,2015-2019
MOUNT GREENWOOD,"Census Tract 7403, Cook County, Illinois",453.0,2760.0,4341.0,17,31,3096.0,2010.0,19190.0,2015-2019
NEAR NORTH SIDE,"Census Tract 8383, Cook County, Illinois",1388.0,3652.0,7845.0,17,31,29453.0,26451.0,81940.0,2015-2019
NEAR SOUTH SIDE,"Census Tract 3302, Cook County, Illinois",763.0,1591.0,2893.0,17,31,6366.0,9237.0,24729.0,2015-2019
NEAR WEST SIDE,"Census Tract 2831, Cook County, Illinois",2839.0,4618.0,6151.0,17,31,16114.0,13804.0,63170.0,2015-2019
NEW CITY,"Census Tract 6119, Cook County, Illinois",6690.0,11299.0,4276.0,17,31,1487.0,642.0,39508.0,2015-2019
NORTH CENTER,"Census Tract 501, Cook County, Illinois",1197.0,1748.0,3077.0,17,31,10863.0,7989.0,35543.0,2015-2019
NORTH LAWNDALE,"Census Tract 8386, Cook County, Illinois",4490.0,6231.0,6254.0,17,31,1598.0,813.0,32073.0,2015-2019
NORTH PARK,"Census Tract 8318, Cook County, Illinois",1652.0,2449.0,2953.0,17,31,3639.0,2103.0,18914.0,2015-2019
NORWOOD PARK,"Census Tract 1004, Cook County, Illinois",2227.0,7413.0,7732.0,17,31,6919.0,4083.0,37924.0,2015-2019
OAKLAND,"Census Tract 3602, Cook County, Illinois",196.0,516.0,738.0,17,31,412.0,127.0,3440.0,2015-2019
OHARE,"Census Tract 7608.01, Cook County, Illinois",1033.0,2191.0,2856.0,17,31,2863.0,1273.0,12861.0,2015-2019
PORTAGE PARK,"Census Tract 8317, Cook County, Illinois",6689.0,11990.0,12200.0,17,31,9522.0,5126.0,64605.0,2015-2019
PULLMAN,"Census Tract 5001, Cook County, Illinois",512.0,1174.0,2009.0,17,31,830.0,449.0,6840.0,2015-2019
RIVERDALE,"Census Tract 5401.01, Cook County, Illinois",531.0,1028.0,1636.0,17,31,126.0,64.0,7359.0,2015-2019
ROGERS PARK,"Census Tract 8306, Cook County, Illinois",4558.0,7140.0,8171.0,17,31,8854.0,6740.0,50262.0,2015-2019
ROSELAND,"Census Tract 4903, Cook County, Illinois",3943.0,6518.0,10890.0,17,31,3247.0,1951.0,39162.0,2015-2019
SOUTH CHICAGO,"Census Tract 4601, Cook County, Illinois",3236.0,6520.0,5524.0,17,31,2165.0,1031.0,29936.0,2015-2019
SOUTH DEERING,"Census Tract 8388, Cook County, Illinois",2091.0,2936.0,3137.0,17,31,965.0,570.0,15475.0,2015-2019
SOUTH LAWNDALE,"Census Tract 8305, Cook County, Illinois",19584.0,13574.0,6765.0,17,31,3171.0,766.0,72157.0,2015-2019
SOUTH SHORE,"Census Tract 4304, Cook County, Illinois",2456.0,6806.0,10907.0,17,31,3535.0,2612.0,40221.0,2015-2019
UPTOWN,"Census Tract 8307, Cook County, Illinois",4867.0,6894.0,8784.0,17,31,16345.0,10139.0,58979.0,2015-2019
WASHINGTON HEIGHTS,"Census Tract 7307, Cook County, Illinois",2090.0,5001.0,6972.0,17,31,2562.0,1947.0,26742.0,2015-2019
WASHINGTON PARK,"Census Tract 8345, Cook County, Illinois",1136.0,2087.0,2127.0,17,31,808.0,330.0,10969.0,2015-2019
WEST ELSDON,"Census Tract 6203, Cook County, Illinois",3400.0,3767.0,2849.0,17,31,1128.0,412.0,19126.0,2015-2019
WEST ENGLEWOOD,"Census Tract 6702, Cook County, Illinois",3891.0,7340.0,4970.0,17,31,1082.0,498.0,26346.0,2015-2019
WEST GARFIELD PARK,"Census Tract 2605, Cook County, Illinois",2639.0,3539.0,3021.0,17,31,387.0,216.0,16415.0,2015-2019
WEST LAWN,"Census Tract 6501, Cook County, Illinois",5420.0,7641.0,4065.0,17,31,1700.0,625.0,31886.0,2015-2019
WEST PULLMAN,"Census Tract 5303, Cook County, Illinois",2539.0,5351.0,6512.0,17,31,2036.0,1179.0,27028.0,2015-2019
WEST RIDGE,"Census Tract 203.02, Cook County, Illinois",10007.0,11145.0,10840.0,17,31,12771.0,7188.0,78466.0,2015-2019
WEST TOWN,"Census Tract 2423, Cook County, Illinois",4053.0,6772.0,9334.0,17,31,29317.0,17356.0,83757.0,2015-2019
WOODLAWN,"Census Tract 4205, Cook County, Illinois",2042.0,3871.0,5234.0,17,31,2316.0,2228.0,24844.0,2015-2019
ALBANY PARK,Census Tract 1401; Cook County; Illinois,6240.0,6857.0,5728.0,17,31,8978.0,4843.0,47663.0,2018-2022
ARCHER HEIGHTS,Census Tract 5701; Cook County; Illinois,2205.0,3864.0,1839.0,17,31,656.0,246.0,13867.0,2018-2022
ARMOUR SQUARE,Census Tract 3403; Cook County; Illinois,3126.0,2251.0,1644.0,17,31,1600.0,1222.0,13193.0,2018-2022
ASHBURN,Census Tract 7001; Cook County; Illinois,5324.0,9264.0,7977.0,17,31,3390.0,2323.0,42745.0,2018-2022
AUBURN GRESHAM,Census Tract 7101; Cook County; Illinois,4922.0,10408.0,10823.0,17,31,3132.0,1944.0,46468.0,2018-2022
AUSTIN,Census Tract 2502; Cook County; Illinois,11762.0,24304.0,20704.0,17,31,5284.0,4340.0,100120.0,2018-2022
AVALON PARK,Census Tract 4503; Cook County; Illinois,622.0,1992.0,2332.0,17,31,1152.0,869.0,9647.0,2018-2022
AVONDALE,Census Tract 2101; Cook County; Illinois,3442.0,6092.0,5087.0,17,31,7826.0,3922.0,36374.0,2018-2022
BELMONT CRAGIN,Census Tract 1901; Cook County; Illinois,13858.0,14315.0,11822.0,17,31,5321.0,2324.0,73991.0,2018-2022
BEVERLY,Census Tract 7201; Cook County; Illinois,417.0,1771.0,3490.0,17,31,4130.0,4119.0,19781.0,2018-2022
BRIDGEPORT,Census Tract 6004; Cook County; Illinois,4441.0,6309.0,4666.0,17,31,5846.0,3809.0,33221.0,2018-2022
BRIGHTON PARK,Census Tract 5801; Cook County; Illinois,7867.0,10031.0,5216.0,17,31,2569.0,1047.0,42243.0,2018-2022
BURNSIDE,Census Tract 4701; Cook County; Illinois,211.0,499.0,620.0,17,31,183.0,133.0,2246.0,2018-2022
CALUMET HEIGHTS,Census Tract 4801; Cook County; Illinois,496.0,1874.0,3185.0,17,31,2117.0,1488.0,12087.0,2018-2022
CHATHAM,Census Tract 4401.01; Cook County; Illinois,2706.0,5042.0,8153.0,17,31,4306.0,2357.0,31341.0,2018-2022
CHICAGO LAWN,Census Tract 6603.01; Cook County; Illinois,7644.0,13396.0,8684.0,17,31,2434.0,910.0,52464.0,2018-2022
CLEARING,Census Tract 6401; Cook County; Illinois,2249.0,5714.0,5048.0,17,31,2897.0,915.0,24728.0,2018-2022
DOUGLAS,Census Tract 3501; Cook County; Illinois,1583.0,2451.0,4210.0,17,31,3302.0,3143.0,21355.0,2018-2022
DUNNING,Census Tract 1701; Cook County; Illinois,3153.0,9754.0,9472.0,17,31,5574.0,2819.0,42574.0,2018-2022
EAST GARFIELD PARK,Census Tract 2705; Cook County; Illinois,2433.0,3619.0,3815.0,17,31,1722.0,842.0,19901.0,2018-2022
EAST SIDE,Census Tract 5201; Cook County; Illinois,3802.0,5338.0,3591.0,17,31,1169.0,561.0,23942.0,2018-2022
EDGEWATER,Census Tract 301.01; Cook County; Illinois,2885.0,5852.0,7945.0,17,31,13614.0,11703.0,53802.0,2018-2022
EDISON PARK,Census Tract 901; Cook County; Illinois,205.0,1453.0,2015.0,17,31,3191.0,1365.0,11402.0,2018-2022
ENGLEWOOD,Census Tract 6805; Cook County; Illinois,2946.0,4534.0,4804.0,17,31,1493.0,401.0,21378.0,2018-2022
FOREST GLEN,Census Tract 1201; Cook County; Illinois,621.0,2225.0,2846.0,17,31,4339.0,3856.0,19855.0,2018-2022
FULLER PARK,Census Tract 8355; Cook County; Illinois,371.0,497.0,483.0,17,31,97.0,35.0,2142.0,2018-2022
GAGE PARK,Census Tract 6303; Cook County; Illinois,6401.0,8250.0,4355.0,17,31,1931.0,501.0,34788.0,2018-2022
GARFIELD RIDGE,Census Tract 5601; Cook County; Illinois,4177.0,8250.0,6992.0,17,31,3989.0,2304.0,36401.0,2018-2022
GRAND BOULEVARD,Census Tract 3801; Cook County; Illinois,2029.0,4054.0,5194.0,17,31,3958.0,2628.0,24813.0,2018-2022
GREATER GRAND CROSSING,Census Tract 6903; Cook County; Illinois,2242.0,6005.0,7153.0,17,31,2793.0,1507.0,28991.0,2018-2022
HEGEWISCH,Census Tract 5501; Cook County; Illinois,897.0,2098.0,2062.0,17,31,696.0,445.0,9025.0,2018-2022
HERMOSA,Census Tract 2001; Cook County; Illinois,4205.0,4220.0,3545.0,17,31,2303.0,719.0,23157.0,2018-2022
HUMBOLDT PARK,Census Tract 2301; Cook County; Illinois,8415.0,10397.0,8350.0,17,31,4612.0,3771.0,55416.0,2018-2022
HYDE PARK,Census Tract 4102; Cook County; Illinois,450.0,663.0,1260.0,17,31,2723.0,6416.0,19850.0,2018-2022
IRVING PARK,Census Tract 1601; Cook County; Illinois,4905.0,7774.0,7748.0,17,31,11393.0,6958.0,53584.0,2018-2022
JEFFERSON PARK,Census Tract 1101; Cook County; Illinois,1592.0,5115.0,4941.0,17,31,5217.0,2951.0,27032.0,2018-2022
KENWOOD,Census Tract 3901; Cook County; Illinois,617.0,1791.0,2000.0,17,31,1953.0,2576.0,12575.0,2018-2022
LAKE VIEW,Census Tract 601; Cook County; Illinois,1406.0,3019.0,7050.0,17,31,32600.0,23211.0,90421.0,2018-2022
LINCOLN PARK,Census Tract 701.01; Cook County; Illinois,1068.0,1981.0,4042.0,17,31,21923.0,19314.0,69099.0,2018-2022
LINCOLN SQUARE,Census Tract 401; Cook County; Illinois,1960.0,3898.0,5032.0,17,31,12419.0,8950.0,42271.0,2018-2022
LOGAN SQUARE,Census Tract 2203; Cook County; Illinois,4327.0,8344.0,8480.0,17,31,20288.0,13175.0,72332.0,2018-2022
LOOP,Census Tract 3201.01; Cook County; Illinois,936.0,1359.0,3447.0,17,31,12277.0,14000.0,41671.0,2018-2022
LOWER WEST SIDE,Census Tract 3102; Cook County; Illinois,5713.0,4884.0,4855.0,17,31,5862.0,3680.0,34237.0,2018-2022
MCKINLEY PARK,Census Tract 5905; Cook County; Illinois,2599.0,3110.0,2237.0,17,31,1815.0,1272.0,15479.0,2018-2022
MONTCLARE,Census Tract 1801; Cook County; Illinois,1844.0,2998.0,3171.0,17,31,1117.0,575.0,13765.0,2018-2022
MORGAN PARK,Census Tract 7501; Cook County; Illinois,975.0,2767.0,5087.0,17,31,3154.0,2737.0,20718.0,2018-2022
MOUNT GREENWOOD,Census Tract 7401; Cook County; Illinois,517.0,2593.0,4281.0,17,31,2974.0,2202.0,19121.0,2018-2022
NEAR NORTH SIDE,Census Tract 801; Cook County; Illinois,1198.0,3269.0,7043.0,17,31,31956.0,29461.0,88784.0,2018-2022
NEAR SOUTH SIDE,Census Tract 3301.01; Cook County; Illinois,1022.0,738.0,2600.0,17,31,7886.0,11368.0,28216.0,2018-2022
NEAR WEST SIDE,Census Tract 2801; Cook County; Illinois,2554.0,4607.0,7204.0,17,31,17142.0,15997.0,65581.0,2018-2022
NEW CITY,Census Tract 6103; Cook County; Illinois,7856.0,9263.0,5733.0,17,31,1728.0,1081.0,41048.0,2018-2022
NORTH CENTER,Census Tract 501; Cook County; Illinois,776.0,1433.0,2936.0,17,31,11394.0,8517.0,35814.0,2018-2022
NORTH LAWNDALE,Census Tract 2909; Cook County; Illinois,4034.0,5805.0,6797.0,17,31,1898.0,1101.0,30409.0,2018-2022
NORTH PARK,Census Tract 1301; Cook County; Illinois,1511.0,2687.0,2753.0,17,31,3658.0,2702.0,19398.0,2018-2022
NORWOOD PARK,Census Tract 1001; Cook County; Illinois,1987.0,6584.0,6771.0,17,31,6992.0,5632.0,39326.0,2018-2022
OAKLAND,Census Tract 3602; Cook County; Illinois,220.0,461.0,614.0,17,31,375.0,211.0,3194.0,2018-2022
OHARE,Census Tract 7608.01; Cook County; Illinois,826.0,2517.0,2831.0,17,31,2787.0,1594.0,13771.0,2018-2022
PORTAGE PARK,Census Tract 1502; Cook County; Illinois,5491.0,12065.0,11644.0,17,31,11016.0,5105.0,64213.0,2018-2022
PULLMAN,Census Tract 5001; Cook County; Illinois,509.0,1308.0,1912.0,17,31,823.0,637.0,6856.0,2018-2022
RIVERDALE,Census Tract 5401.01; Cook County; Illinois,543.0,1283.0,1676.0,17,31,122.0,137.0,7817.0,2018-2022
ROGERS PARK,Census Tract 101; Cook County; Illinois,4253.0,5651.0,7896.0,17,31,10895.0,7115.0,51238.0,2018-2022
ROSELAND,Census Tract 4902; Cook County; Illinois,3749.0,6511.0,10283.0,17,31,3741.0,2171.0,37610.0,2018-2022
SOUTH CHICAGO,Census Tract 4601; Cook County; Illinois,3313.0,5435.0,6803.0,17,31,2514.0,1504.0,30315.0,2018-2022
SOUTH DEERING,Census Tract 5101; Cook County; Illinois,1770.0,3474.0,3346.0,17,31,1204.0,480.0,15218.0,2018-2022
SOUTH LAWNDALE,Census Tract 3005; Cook County; Illinois,17268.0,15292.0,7923.0,17,31,3930.0,1496.0,69708.0,2018-2022
SOUTH SHORE,Census Tract 4301.01; Cook County; Illinois,3152.0,7839.0,11174.0,17,31,4252.0,3289.0,42017.0,2018-2022
UPTOWN,Census Tract 310; Cook County; Illinois,4284.0,5186.0,9751.0,17,31,15970.0,11132.0,57464.0,2018-2022
WASHINGTON HEIGHTS,Census Tract 7301; Cook County; Illinois,1842.0,4682.0,6618.0,17,31,2984.0,2153.0,26456.0,2018-2022
WASHINGTON PARK,Census Tract 4003; Cook County; Illinois,982.0,2067.0,2478.0,17,31,958.0,764.0,12366.0,2018-2022
WEST ELSDON,Census Tract 6201; Cook County; Illinois,3176.0,3812.0,2832.0,17,31,1312.0,782.0,18366.0,2018-2022
WEST ENGLEWOOD,Census Tract 6701; Cook County; Illinois,4010.0,6918.0,4845.0,17,31,1155.0,596.0,25772.0,2018-2022
WEST GARFIELD PARK,Census Tract 2601; Cook County; Illinois,2748.0,3722.0,3467.0,17,31,566.0,273.0,16374.0,2018-2022
WEST LAWN,Census Tract 6501; Cook County; Illinois,5460.0,7398.0,4064.0,17,31,2172.0,1078.0,32594.0,2018-2022
WEST PULLMAN,Census Tract 5301; Cook County; Illinois,1974.0,5345.0,6651.0,17,31,1909.0,1106.0,25449.0,2018-2022
WEST RIDGE,Census Tract 201; Cook County; Illinois,8416.0,10980.0,11248.0,17,31,13062.0,8221.0,79265.0,2018-2022
WEST TOWN,Census Tract 2402; Cook County; Illinois,3526.0,5861.0,8667.0,17,31,31669.0,18724.0,85402.0,2018-2022
WOODLAWN,Census Tract 4201; Cook County; Illinois,2129.0,4088.0,6157.0,17,31,2845.0,1995.0,26495.0,2018-2022
