Community Area,NAME,female,state,county,population,period
ALBANY PARK,"Census Tract 1401, Cook County, Illinois",25723.0,17,31,52657.0,2005-2009
ARCHER HEIGHTS,"Census Tract 5701, Cook County, Illinois",6446.0,17,31,12315.0,2005-2009
ARMOUR SQUARE,"Census Tract 3401, Cook County, Illinois",6999.0,17,31,13735.0,2005-2009
ASHBURN,"Census Tract 7001, Cook County, Illinois",22872.0,17,31,44627.0,2005-2009
AUBURN GRESHAM,"Census Tract 7101, Cook County, Illinois",31210.0,17,31,55258.0,2005-2009
AUSTIN,"Census Tract 2501, Cook County, Illinois",56147.0,17,31,103304.0,2005-2009
AVALON PARK,"Census Tract 4501, Cook County, Illinois",5909.0,17,31,10420.0,2005-2009
AVONDALE,"Census Tract 2101, Cook County, Illinois",19389.0,17,31,42187.0,2005-2009
BELMONT CRAGIN,"Census Tract 1901, Cook County, Illinois",40248.0,17,31,81448.0,2005-2009
BEVERLY,"Census Tract 7201, Cook County, Illinois",12054.0,17,31,23462.0,2005-2009
BRIDGEPORT,"Census Tract 6001, Cook County, Illinois",16285.0,17,31,32394.0,2005-2009
BRIGHTON PARK,"Census Tract 5801, Cook County, Illinois",21987.0,17,31,45387.0,2005-2009
BURNSIDE,"Census Tract 4701, Cook County, Illinois",2276.0,17,31,4138.0,2005-2009
CALUMET HEIGHTS,"Census Tract 4801, Cook County, Illinois",9287.0,17,31,16431.0,2005-2009
CHATHAM,"Census Tract 4401, Cook County, Illinois",20621.0,17,31,36584.0,2005-2009
CHICAGO LAWN,"Census Tract 6601, Cook County, Illinois",29288.0,17,31,56019.0,2005-2009
CLEARING,"Census Tract 6401, Cook County, Illinois",12094.0,17,31,24483.0,2005-2009
DOUGLAS,"Census Tract 3501, Cook County, Illinois",11203.0,17,31,21546.0,2005-2009
DUNNING,"Census Tract 1701, Cook County, Illinois",22396.0,17,31,44664.0,2005-2009
EAST GARFIELD PARK,"Census Tract 2701, Cook County, Illinois",10926.0,17,31,20915.0,2005-2009
EAST SIDE,"Census Tract 5201, Cook County, Illinois",13922.0,17,31,26608.0,2005-2009
EDGEWATER,"Census Tract 301, Cook County, Illinois",28777.0,17,31,57846.0,2005-2009
EDISON PARK,"Census Tract 901, Cook County, Illinois",6107.0,17,31,11715.0,2005-2009
ENGLEWOOD,"Census Tract 6801, Cook County, Illinois",19505.0,17,31,35186.0,2005-2009
FOREST GLEN,"Census Tract 1201, Cook County, Illinois",12043.0,17,31,23417.0,2005-2009
FULLER PARK,"Census Tract 3701, Cook County, Illinois",1529.0,17,31,3317.0,2005-2009
GAGE PARK,"Census Tract 6301, Cook County, Illinois",19906.0,17,31,39981.0,2005-2009
GARFIELD RIDGE,"Census Tract 8208, Cook County, Illinois",20506.0,17,31,39844.0,2005-2009
GRAND BOULEVARD,"Census Tract 3801, Cook County, Illinois",12136.0,17,31,21777.0,2005-2009
GREATER GRAND CROSSING,"Census Tract 6901, Cook County, Illinois",21270.0,17,31,37465.0,2005-2009
HEGEWISCH,"Census Tract 5501, Cook County, Illinois",4965.0,17,31,10880.0,2005-2009
HERMOSA,"Census Tract 2001, Cook County, Illinois",12698.0,17,31,26060.0,2005-2009
HUMBOLDT PARK,"Census Tract 2301, Cook County, Illinois",29212.0,17,31,57763.0,2005-2009
HYDE PARK,"Census Tract 4101, Cook County, Illinois",14315.0,17,31,27604.0,2005-2009
IRVING PARK,"Census Tract 1608, Cook County, Illinois",28727.0,17,31,58410.0,2005-2009
JEFFERSON PARK,"Census Tract 1101, Cook County, Illinois",14873.0,17,31,28812.0,2005-2009
KENWOOD,"Census Tract 3901, Cook County, Illinois",9928.0,17,31,17870.0,2005-2009
LAKE VIEW,"Census Tract 601, Cook County, Illinois",46614.0,17,31,91812.0,2005-2009
LINCOLN PARK,"Census Tract 701, Cook County, Illinois",36253.0,17,31,69518.0,2005-2009
LINCOLN SQUARE,"Census Tract 401, Cook County, Illinois",20660.0,17,31,40971.0,2005-2009
LOGAN SQUARE,"Census Tract 2201, Cook County, Illinois",39745.0,17,31,81140.0,2005-2009
LOOP,"Census Tract 3201, Cook County, Illinois",10237.0,17,31,20006.0,2005-2009
LOWER WEST SIDE,"Census Tract 3101, Cook County, Illinois",17126.0,17,31,37477.0,2005-2009
MCKINLEY PARK,"Census Tract 5901, Cook County, Illinois",8187.0,17,31,16192.0,2005-2009
MONTCLARE,"Census Tract 1801, Cook County, Illinois",7418.0,17,31,14556.0,2005-2009
MORGAN PARK,"Census Tract 7501, Cook County, Illinois",15501.0,17,31,29199.0,2005-2009
MOUNT GREENWOOD,"Census Tract 7401, Cook County, Illinois",10008.0,17,31,19550.0,2005-2009
NEAR NORTH SIDE,"Census Tract 801, Cook County, Illinois",41716.0,17,31,77412.0,2005-2009
NEAR SOUTH SIDE,"Census Tract 3301, Cook County, Illinois",8761.0,17,31,16657.0,2005-2009
NEAR WEST SIDE,"Census Tract 2801, Cook County, Illinois",25028.0,17,31,52384.0,2005-2009
NEW CITY,"Census Tract 6101, Cook County, Illinois",23116.0,17,31,47011.0,2005-2009
NORTH CENTER,"Census Tract 501, Cook County, Illinois",17973.0,17,31,34623.0,2005-2009
NORTH LAWNDALE,"Census Tract 2901, Cook County, Illinois",19256.0,17,31,36243.0,2005-2009
NORTH PARK,"Census Tract 1301, Cook County, Illinois",9912.0,17,31,19249.0,2005-2009
NORWOOD PARK,"Census Tract 1001, Cook County, Illinois",21772.0,17,31,41097.0,2005-2009
OAKLAND,"Census Tract 3601, Cook County, Illinois",1619.0,17,31,2825.0,2005-2009
OHARE,"Census Tract 8116, Cook County, Illinois",20681.0,17,31,41307.0,2005-2009
PORTAGE PARK,"Census Tract 1501, Cook County, Illinois",33734.0,17,31,66365.0,2005-2009
PULLMAN,"Census Tract 5001, Cook County, Illinois",4617.0,17,31,7900.0,2005-2009
RIVERDALE,"Census Tract 5401, Cook County, Illinois",4567.0,17,31,7924.0,2005-2009
ROGERS PARK,"Census Tract 101, Cook County, Illinois",27893.0,17,31,56125.0,2005-2009
ROSELAND,"Census Tract 4901, Cook County, Illinois",27771.0,17,31,49833.0,2005-2009
SOUTH CHICAGO,"Census Tract 4601, Cook County, Illinois",18419.0,17,31,34796.0,2005-2009
SOUTH DEERING,"Census Tract 5101, Cook County, Illinois",10089.0,17,31,17725.0,2005-2009
SOUTH LAWNDALE,"Census Tract 3001, Cook County, Illinois",32791.0,17,31,77324.0,2005-2009
SOUTH SHORE,"Census Tract 4301, Cook County, Illinois",30099.0,17,31,54128.0,2005-2009
UPTOWN,"Census Tract 310, Cook County, Illinois",27694.0,17,31,60070.0,2005-2009
WASHINGTON HEIGHTS,"Census Tract 7301, Cook County, Illinois",15473.0,17,31,28246.0,2005-2009
WASHINGTON PARK,"Census Tract 4001, Cook County, Illinois",7367.0,17,31,12271.0,2005-2009
WEST ELSDON,"Census Tract 6201, Cook County, Illinois",9082.0,17,31,18249.0,2005-2009
WEST ENGLEWOOD,"Census Tract 6701, Cook County, Illinois",22750.0,17,31,42329.0,2005-2009
WEST GARFIELD PARK,"Census Tract 2604, Cook County, Illinois",10617.0,17,31,19264.0,2005-2009
WEST LAWN,"Census Tract 6501, Cook County, Illinois",16669.0,17,31,33310.0,2005-2009
WEST PULLMAN,"Census Tract 5301, Cook County, Illinois",18894.0,17,31,34759.0,2005-2009
WEST RIDGE,"Census Tract 201, Cook County, Illinois",37190.0,17,31,71915.0,2005-2009
WEST TOWN,"Census Tract 2401, Cook County, Illinois",41950.0,17,31,86354.0,2005-2009
WOODLAWN,"Census Tract 4201, Cook County, Illinois",12832.0,17,31,23410.0,2005-2009
ALBANY PARK,"Census Tract 1406.01, Cook County, Illinois",25483.0,17,31,52930.0,2010-2014
ARCHER HEIGHTS,"Census Tract 5704, Cook County, Illinois",7031.0,17,31,13998.0,2010-2014
ARMOUR SQUARE,"Census Tract 3404, Cook County, Illinois",6922.0,17,31,13850.0,2010-2014
ASHBURN,"Census Tract 7004.01, Cook County, Illinois",22094.0,17,31,42809.0,2010-2014
AUBURN GRESHAM,"Census Tract 7107, Cook County, Illinois",27168.0,17,31,47611.0,2010-2014
AUSTIN,"Census Tract 2508, Cook County, Illinois",54149.0,17,31,99711.0,2010-2014
AVALON PARK,"Census Tract 8343, Cook County, Illinois",5314.0,17,31,10098.0,2010-2014
AVONDALE,"Census Tract 2101, Cook County, Illinois",19144.0,17,31,39117.0,2010-2014
BELMONT CRAGIN,"Census Tract 1908, Cook County, Illinois",39930.0,17,31,79069.0,2010-2014
BEVERLY,"Census Tract 7203, Cook County, Illinois",10949.0,17,31,21002.0,2010-2014
BRIDGEPORT,"Census Tract 8397, Cook County, Illinois",16007.0,17,31,31939.0,2010-2014
BRIGHTON PARK,"Census Tract 5802, Cook County, Illinois",21311.0,17,31,44130.0,2010-2014
BURNSIDE,"Census Tract 4701, Cook County, Illinois",1269.0,17,31,2618.0,2010-2014
CALUMET HEIGHTS,"Census Tract 4805, Cook County, Illinois",7679.0,17,31,13400.0,2010-2014
CHATHAM,"Census Tract 4408, Cook County, Illinois",17817.0,17,31,31493.0,2010-2014
CHICAGO LAWN,"Census Tract 6606, Cook County, Illinois",30188.0,17,31,56293.0,2010-2014
CLEARING,"Census Tract 6405, Cook County, Illinois",12913.0,17,31,24452.0,2010-2014
DOUGLAS,"Census Tract 3510, Cook County, Illinois",11136.0,17,31,19430.0,2010-2014
DUNNING,"Census Tract 1701, Cook County, Illinois",21656.0,17,31,43053.0,2010-2014
EAST GARFIELD PARK,"Census Tract 8368, Cook County, Illinois",10950.0,17,31,20271.0,2010-2014
EAST SIDE,"Census Tract 5203, Cook County, Illinois",12374.0,17,31,23739.0,2010-2014
EDGEWATER,"Census Tract 301.02, Cook County, Illinois",26327.0,17,31,53038.0,2010-2014
EDISON PARK,"Census Tract 901, Cook County, Illinois",5748.0,17,31,10993.0,2010-2014
ENGLEWOOD,"Census Tract 6812, Cook County, Illinois",15003.0,17,31,27297.0,2010-2014
FOREST GLEN,"Census Tract 1204, Cook County, Illinois",9746.0,17,31,18478.0,2010-2014
FULLER PARK,"Census Tract 8355, Cook County, Illinois",1325.0,17,31,2543.0,2010-2014
GAGE PARK,"Census Tract 6308, Cook County, Illinois",19438.0,17,31,40381.0,2010-2014
GARFIELD RIDGE,"Census Tract 9801, Cook County, Illinois",17521.0,17,31,34743.0,2010-2014
GRAND BOULEVARD,"Census Tract 8436, Cook County, Illinois",12850.0,17,31,22531.0,2010-2014
GREATER GRAND CROSSING,"Census Tract 6913, Cook County, Illinois",18712.0,17,31,32849.0,2010-2014
HEGEWISCH,"Census Tract 5501, Cook County, Illinois",4611.0,17,31,9338.0,2010-2014
HERMOSA,"Census Tract 2004.01, Cook County, Illinois",12254.0,17,31,24836.0,2010-2014
HUMBOLDT PARK,"Census Tract 2308, Cook County, Illinois",28473.0,17,31,54515.0,2010-2014
HYDE PARK,"Census Tract 8362, Cook County, Illinois",9492.0,17,31,18513.0,2010-2014
IRVING PARK,"Census Tract 1605.02, Cook County, Illinois",28606.0,17,31,56490.0,2010-2014
JEFFERSON PARK,"Census Tract 1103, Cook County, Illinois",13619.0,17,31,26975.0,2010-2014
KENWOOD,"Census Tract 3904, Cook County, Illinois",6553.0,17,31,12075.0,2010-2014
LAKE VIEW,"Census Tract 628, Cook County, Illinois",43741.0,17,31,87343.0,2010-2014
LINCOLN PARK,"Census Tract 705, Cook County, Illinois",33400.0,17,31,65951.0,2010-2014
LINCOLN SQUARE,"Census Tract 401, Cook County, Illinois",19787.0,17,31,39547.0,2010-2014
LOGAN SQUARE,"Census Tract 2226, Cook County, Illinois",36495.0,17,31,74055.0,2010-2014
LOOP,"Census Tract 3204, Cook County, Illinois",15432.0,17,31,30642.0,2010-2014
LOWER WEST SIDE,"Census Tract 3105, Cook County, Illinois",16819.0,17,31,34979.0,2010-2014
MCKINLEY PARK,"Census Tract 5907, Cook County, Illinois",8041.0,17,31,16449.0,2010-2014
MONTCLARE,"Census Tract 1801, Cook County, Illinois",6549.0,17,31,12840.0,2010-2014
MORGAN PARK,"Census Tract 7502, Cook County, Illinois",12720.0,17,31,23204.0,2010-2014
MOUNT GREENWOOD,"Census Tract 7401, Cook County, Illinois",9279.0,17,31,18357.0,2010-2014
NEAR NORTH SIDE,"Census Tract 811, Cook County, Illinois",40584.0,17,31,74080.0,2010-2014
NEAR SOUTH SIDE,"Census Tract 8410, Cook County, Illinois",11266.0,17,31,22021.0,2010-2014
NEAR WEST SIDE,"Census Tract 2831, Cook County, Illinois",29623.0,17,31,58899.0,2010-2014
NEW CITY,"Census Tract 8438, Cook County, Illinois",21010.0,17,31,41598.0,2010-2014
NORTH CENTER,"Census Tract 503, Cook County, Illinois",17555.0,17,31,34815.0,2010-2014
NORTH LAWNDALE,"Census Tract 2916, Cook County, Illinois",19750.0,17,31,35623.0,2010-2014
NORTH PARK,"Census Tract 1302, Cook County, Illinois",9057.0,17,31,18058.0,2010-2014
NORWOOD PARK,"Census Tract 1001, Cook County, Illinois",18512.0,17,31,36486.0,2010-2014
OAKLAND,"Census Tract 3602, Cook County, Illinois",2078.0,17,31,3264.0,2010-2014
OHARE,"Census Tract 9800, Cook County, Illinois",6723.0,17,31,14143.0,2010-2014
PORTAGE PARK,"Census Tract 1504.01, Cook County, Illinois",32824.0,17,31,64427.0,2010-2014
PULLMAN,"Census Tract 5002, Cook County, Illinois",4087.0,17,31,6970.0,2010-2014
RIVERDALE,"Census Tract 5401.01, Cook County, Illinois",4193.0,17,31,7190.0,2010-2014
ROGERS PARK,"Census Tract 102.01, Cook County, Illinois",25135.0,17,31,50323.0,2010-2014
ROSELAND,"Census Tract 4905, Cook County, Illinois",24693.0,17,31,44267.0,2010-2014
SOUTH CHICAGO,"Census Tract 4602, Cook County, Illinois",15426.0,17,31,28550.0,2010-2014
SOUTH DEERING,"Census Tract 5103, Cook County, Illinois",8371.0,17,31,15570.0,2010-2014
SOUTH LAWNDALE,"Census Tract 3007, Cook County, Illinois",31703.0,17,31,72881.0,2010-2014
SOUTH SHORE,"Census Tract 4304, Cook County, Illinois",22504.0,17,31,39552.0,2010-2014
UPTOWN,"Census Tract 317, Cook County, Illinois",25990.0,17,31,54062.0,2010-2014
WASHINGTON HEIGHTS,"Census Tract 7303, Cook County, Illinois",15010.0,17,31,26435.0,2010-2014
WASHINGTON PARK,"Census Tract 8361, Cook County, Illinois",6797.0,17,31,11647.0,2010-2014
WEST ELSDON,"Census Tract 6201, Cook County, Illinois",9709.0,17,31,19165.0,2010-2014
WEST ENGLEWOOD,"Census Tract 6701, Cook County, Illinois",18216.0,17,31,34272.0,2010-2014
WEST GARFIELD PARK,"Census Tract 2606, Cook County, Illinois",9792.0,17,31,18885.0,2010-2014
WEST LAWN,"Census Tract 6503.01, Cook County, Illinois",16381.0,17,31,33477.0,2010-2014
WEST PULLMAN,"Census Tract 5305.01, Cook County, Illinois",15668.0,17,31,28160.0,2010-2014
WEST RIDGE,"Census Tract 202, Cook County, Illinois",36633.0,17,31,73019.0,2010-2014
WEST TOWN,"Census Tract 2407, Cook County, Illinois",41336.0,17,31,84319.0,2010-2014
WOODLAWN,"Census Tract 8439, Cook County, Illinois",14106.0,17,31,25451.0,2010-2014
ALBANY PARK,"Census Tract 1401, Cook County, Illinois",24673.0,17,31,49806.0,2015-2019
ARCHER HEIGHTS,"Census Tract 5701, Cook County, Illinois",6679.0,17,31,13726.0,2015-2019
ARMOUR SQUARE,"Census Tract 3406, Cook County, Illinois",6970.0,17,31,13538.0,2015-2019
ASHBURN,"Census Tract 7002, Cook County, Illinois",22852.0,17,31,43356.0,2015-2019
AUBURN GRESHAM,"Census Tract 7101, Cook County, Illinois",24859.0,17,31,45909.0,2015-2019
AUSTIN,"Census Tract 8313, Cook County, Illinois",50549.0,17,31,93727.0,2015-2019
AVALON PARK,"Census Tract 8343, Cook County, Illinois",5529.0,17,31,9713.0,2015-2019
AVONDALE,"Census Tract 8311, Cook County, Illinois",18978.0,17,31,38118.0,2015-2019
BELMONT CRAGIN,"Census Tract 1910, Cook County, Illinois",39493.0,17,31,78601.0,2015-2019
BEVERLY,"Census Tract 7201, Cook County, Illinois",10427.0,17,31,19791.0,2015-2019
BRIDGEPORT,"Census Tract 6007, Cook County, Illinois",17352.0,17,31,34540.0,2015-2019
BRIGHTON PARK,"Census Tract 5807, Cook County, Illinois",21460.0,17,31,44156.0,2015-2019
BURNSIDE,"Census Tract 4701, Cook County, Illinois",1012.0,17,31,2006.0,2015-2019
CALUMET HEIGHTS,"Census Tract 4805, Cook County, Illinois",7122.0,17,31,12815.0,2015-2019
CHATHAM,"Census Tract 4409, Cook County, Illinois",16965.0,17,31,30967.0,2015-2019
CHICAGO LAWN,"Census Tract 6610, Cook County, Illinois",27093.0,17,31,51352.0,2015-2019
CLEARING,"Census Tract 6404, Cook County, Illinois",12815.0,17,31,24976.0,2015-2019
DOUGLAS,"Census Tract 3510, Cook County, Illinois",11521.0,17,31,21353.0,2015-2019
DUNNING,"Census Tract 1709, Cook County, Illinois",22344.0,17,31,43445.0,2015-2019
EAST GARFIELD PARK,"Census Tract 2705, Cook County, Illinois",10377.0,17,31,18940.0,2015-2019
EAST SIDE,"Census Tract 5204, Cook County, Illinois",12038.0,17,31,23723.0,2015-2019
EDGEWATER,"Census Tract 301.02, Cook County, Illinois",26774.0,17,31,55407.0,2015-2019
EDISON PARK,"Census Tract 901, Cook County, Illinois",5712.0,17,31,11264.0,2015-2019
ENGLEWOOD,"Census Tract 6814, Cook County, Illinois",12150.0,17,31,22921.0,2015-2019
FOREST GLEN,"Census Tract 1201, Cook County, Illinois",10193.0,17,31,19384.0,2015-2019
FULLER PARK,"Census Tract 8355, Cook County, Illinois",1185.0,17,31,2330.0,2015-2019
GAGE PARK,"Census Tract 6302, Cook County, Illinois",18618.0,17,31,37478.0,2015-2019
GARFIELD RIDGE,"Census Tract 5609, Cook County, Illinois",18577.0,17,31,37207.0,2015-2019
GRAND BOULEVARD,"Census Tract 3801, Cook County, Illinois",13245.0,17,31,22643.0,2015-2019
GREATER GRAND CROSSING,"Census Tract 6911, Cook County, Illinois",16790.0,17,31,30149.0,2015-2019
HEGEWISCH,"Census Tract 5501, Cook County, Illinois",4407.0,17,31,9089.0,2015-2019
HERMOSA,"Census Tract 2001, Cook County, Illinois",11227.0,17,31,23481.0,2015-2019
HUMBOLDT PARK,"Census Tract 2307, Cook County, Illinois",28748.0,17,31,55364.0,2015-2019
HYDE PARK,"Census Tract 4108, Cook County, Illinois",9531.0,17,31,18624.0,2015-2019
IRVING PARK,"Census Tract 1609, Cook County, Illinois",26874.0,17,31,53530.0,2015-2019
JEFFERSON PARK,"Census Tract 1101, Cook County, Illinois",14172.0,17,31,27503.0,2015-2019
KENWOOD,"Census Tract 3904, Cook County, Illinois",6902.0,17,31,12582.0,2015-2019
LAKE VIEW,"Census Tract 8319, Cook County, Illinois",43937.0,17,31,89861.0,2015-2019
LINCOLN PARK,"Census Tract 8325, Cook County, Illinois",34119.0,17,31,69465.0,2015-2019
LINCOLN SQUARE,"Census Tract 8308, Cook County, Illinois",21573.0,17,31,42103.0,2015-2019
LOGAN SQUARE,"Census Tract 8309, Cook County, Illinois",36040.0,17,31,73277.0,2015-2019
LOOP,"Census Tract 8390, Cook County, Illinois",20075.0,17,31,38655.0,2015-2019
LOWER WEST SIDE,"Census Tract 3104, Cook County, Illinois",16141.0,17,31,33203.0,2015-2019
MCKINLEY PARK,"Census Tract 5906, Cook County, Illinois",7642.0,17,31,15177.0,2015-2019
MONTCLARE,"Census Tract 8316, Cook County, Illinois",7538.0,17,31,14267.0,2015-2019
MORGAN PARK,"Census Tract 7502, Cook County, Illinois",11693.0,17,31,21050.0,2015-2019
MOUNT GREENWOOD,"Census Tract 7403, Cook County, Illinois",9839.0,17,31,19190.0,2015-2019
NEAR NORTH SIDE,"Census Tract 8383, Cook County, Illinois",43503.0,17,31,81940.0,2015-2019
NEAR SOUTH SIDE,"Census Tract 3302, Cook County, Illinois",14035.0,17,31,24729.0,2015-2019
NEAR WEST SIDE,"Census Tract 2831, Cook County, Illinois",32386.0,17,31,63170.0,2015-2019
NEW CITY,"Census Tract 6119, Cook County, Illinois",19312.0,17,31,39508.0,2015-2019
NORTH CENTER,"Census Tract 501, Cook County, Illinois",18220.0,17,31,35543.0,2015-2019
NORTH LAWNDALE,"Census Tract 8386, Cook County, Illinois",17609.0,17,31,32073.0,2015-2019
NORTH PARK,"Census Tract 8318, Cook County, Illinois",9846.0,17,31,18914.0,2015-2019
NORWOOD PARK,"Census Tract 1004, Cook County, Illinois",19636.0,17,31,37924.0,2015-2019
OAKLAND,"Census Tract 3602, Cook County, Illinois",1864.0,17,31,3440.0,2015-2019
OHARE,"Census Tract 7608.01, Cook County, Illinois",6030.0,17,31,12861.0,2015-2019
PORTAGE PARK,"Census Tract 8317, Cook County, Illinois",32781.0,17,31,64605.0,2015-2019
PULLMAN,"Census Tract 5001, Cook County, Illinois",3826.0,17,31,6840.0,2015-2019
RIVERDALE,"Census Tract 5401.01, Cook County, Illinois",4782.0,17,31,7359.0,2015-2019
ROGERS PARK,"Census Tract 8306, Cook County, Illinois",25166.0,17,31,50262.0,2015-2019
ROSELAND,"Census Tract 4903, Cook County, Illinois",20754.0,17,31,39162.0,2015-2019
SOUTH CHICAGO,"Census Tract 4601, Cook County, Illinois",16602.0,17,31,29936.0,2015-2019
SOUTH DEERING,"Census Tract 8388, Cook County, Illinois",8917.0,17,31,15475.0,2015-2019
SOUTH LAWNDALE,"Census Tract 8305, Cook County, Illinois",30758.0,17,31,72157.0,2015-2019
SOUTH SHORE,"Census Tract 4304, Cook County, Illinois",22911.0,17,31,40221.0,2015-2019
UPTOWN,"Census Tract 8307, Cook County, Illinois",28664.0,17,31,58979.0,2015-2019
WASHINGTON HEIGHTS,"Census Tract 7307, Cook County, Illinois",14913.0,17,31,26742.0,2015-2019
WASHINGTON PARK,"Census Tract 8345, Cook County, Illinois",6471.0,17,31,10969.0,2015-2019
WEST ELSDON,"Census Tract 6203, Cook County, Illinois",9824.0,17,31,19126.0,2015-2019
WEST ENGLEWOOD,"Census Tract 6702, Cook County, Illinois",14182.0,17,31,26346.0,2015-2019
WEST GARFIELD PARK,"Census Tract 2605, Cook County, Illinois",8521.0,17,31,16415.0,2015-2019
WEST LAWN,"Census Tract 6501, Cook County, Illinois",15388.0,17,31,31886.0,2015-2019
WEST PULLMAN,"Census Tract 5303, Cook County, Illinois",14578.0,17,31,27028.0,2015-2019
WEST RIDGE,"Census Tract 203.02, Cook County, Illinois",39640.0,17,31,78466.0,2015-2019
WEST TOWN,"Census Tract 2423, Cook County, Illinois",40295.0,17,31,83757.0,2015-2019
WOODLAWN,"Census Tract 4205, Cook County, Illinois",14031.0,17,31,24844.0,2015-2019
ALBANY PARK,Census Tract 1401; Cook County; Illinois,23390.0,17,31,47663.0,2018-2022
ARCHER HEIGHTS,Census Tract 5701; Cook County; Illinois,6416.0,17,31,13867.0,2018-2022
ARMOUR SQUARE,Census Tract 3403; Cook County; Illinois,7135.0,17,31,13193.0,2018-2022
ASHBURN,Census Tract 7001; Cook County; Illinois,21927.0,17,31,42745.0,2018-2022
AUBURN GRESHAM,Census Tract 7101; Cook County; Illinois,25758.0,17,31,46468.0,2018-2022
AUSTIN,Census Tract 2502; Cook County; Illinois,52234.0,17,31,100120.0,2018-2022
AVALON PARK,Census Tract 4503; Cook County; Illinois,5555.0,17,31,9647.0,2018-2022
AVONDALE,Census Tract 2101; Cook County; Illinois,18583.0,17,31,36374.0,2018-2022
BELMONT CRAGIN,Census Tract 1901; Cook County; Illinois,37256.0,17,31,73991.0,2018-2022
BEVERLY,Census Tract 7201; Cook County; Illinois,10327.0,17,31,19781.0,2018-2022
BRIDGEPORT,Census Tract 6004; Cook County; Illinois,16067.0,17,31,33221.0,2018-2022
BRIGHTON PARK,Census Tract 5801; Cook County; Illinois,20591.0,17,31,42243.0,2018-2022
BURNSIDE,Census Tract 4701; Cook County; Illinois,1335.0,17,31,2246.0,2018-2022
CALUMET HEIGHTS,Census Tract 4801; Cook County; Illinois,7298.0,17,31,12087.0,2018-2022
CHATHAM,Census Tract 4401.01; Cook County; Illinois,17623.0,17,31,31341.0,2018-2022
CHICAGO LAWN,Census Tract 6603.01; Cook County; Illinois,26890.0,17,31,52464.0,2018-2022
CLEARING,Census Tract 6401; Cook County; Illinois,11841.0,17,31,24728.0,2018-2022
DOUGLAS,Census Tract 3501; Cook County; Illinois,11470.0,17,31,21355.0,2018-2022
DUNNING,Census Tract 1701; Cook County; Illinois,21824.0,17,31,42574.0,2018-2022
EAST GARFIELD PARK,Census Tract 2705; Cook County; Illinois,11005.0,17,31,19901.0,2018-2022
EAST SIDE,Census Tract 5201; Cook County; Illinois,12109.0,17,31,23942.0,2018-2022
EDGEWATER,Census Tract 301.01; Cook County; Illinois,26321.0,17,31,53802.0,2018-2022
EDISON PARK,Census Tract 901; Cook County; Illinois,5938.0,17,31,11402.0,2018-2022
ENGLEWOOD,Census Tract 6805; Cook County; Illinois,11219.0,17,31,21378.0,2018-2022
FOREST GLEN,Census Tract 1201; Cook County; Illinois,10030.0,17,31,19855.0,2018-2022
FULLER PARK,Census Tract 8355; Cook County; Illinois,1125.0,17,31,2142.0,2018-2022
GAGE PARK,Census Tract 6303; Cook County; Illinois,17566.0,17,31,34788.0,2018-2022
GARFIELD RIDGE,Census Tract 5601; Cook County; Illinois,17795.0,17,31,36401.0,2018-2022
GRAND BOULEVARD,Census Tract 3801; Cook County; Illinois,14237.0,17,31,24813.0,2018-2022
GREATER GRAND CROSSING,Census Tract 6903; Cook County; Illinois,16071.0,17,31,28991.0,2018-2022
HEGEWISCH,Census Tract 5501; Cook County; Illinois,4327.0,17,31,9025.0,2018-2022
HERMOSA,Census Tract 2001; Cook County; Illinois,11288.0,17,31,23157.0,2018-2022
HUMBOLDT PARK,Census Tract 2301; Cook County; Illinois,29333.0,17,31,55416.0,2018-2022
HYDE PARK,Census Tract 4102; Cook County; Illinois,10102.0,17,31,19850.0,2018-2022
IRVING PARK,Census Tract 1601; Cook County; Illinois,26790.0,17,31,53584.0,2018-2022
JEFFERSON PARK,Census Tract 1101; Cook County; Illinois,13901.0,17,31,27032.0,2018-2022
KENWOOD,Census Tract 3901; Cook County; Illinois,6915.0,17,31,12575.0,2018-2022
LAKE VIEW,Census Tract 601; Cook County; Illinois,44142.0,17,31,90421.0,2018-2022
LINCOLN PARK,Census Tract 701.01; Cook County; Illinois,34962.0,17,31,69099.0,2018-2022
LINCOLN SQUARE,Census Tract 401; Cook County; Illinois,21960.0,17,31,42271.0,2018-2022
LOGAN SQUARE,Census Tract 2203; Cook County; Illinois,36591.0,17,31,72332.0,2018-2022
LOOP,Census Tract 3201.01; Cook County; Illinois,20865.0,17,31,41671.0,2018-2022
LOWER WEST SIDE,Census Tract 3102; Cook County; Illinois,17035.0,17,31,34237.0,2018-2022
MCKINLEY PARK,Census Tract 5905; Cook County; Illinois,7778.0,17,31,15479.0,2018-2022
MONTCLARE,Census Tract 1801; Cook County; Illinois,7051.0,17,31,13765.0,2018-2022
MORGAN PARK,Census Tract 7501; Cook County; Illinois,11069.0,17,31,20718.0,2018-2022
MOUNT GREENWOOD,Census Tract 7401; Cook County; Illinois,9565.0,17,31,19121.0,2018-2022
NEAR NORTH SIDE,Census Tract 801; Cook County; Illinois,45773.0,17,31,88784.0,2018-2022
NEAR SOUTH SIDE,Census Tract 3301.01; Cook County; Illinois,14455.0,17,31,28216.0,2018-2022
NEAR WEST SIDE,Census Tract 2801; Cook County; Illinois,33334.0,17,31,65581.0,2018-2022
NEW CITY,Census Tract 6103; Cook County; Illinois,20325.0,17,31,41048.0,2018-2022
NORTH CENTER,Census Tract 501; Cook County; Illinois,17871.0,17,31,35814.0,2018-2022
NORTH LAWNDALE,Census Tract 2909; Cook County; Illinois,16901.0,17,31,30409.0,2018-2022
NORTH PARK,Census Tract 1301; Cook County; Illinois,10741.0,17,31,19398.0,2018-2022
NORWOOD PARK,Census Tract 1001; Cook County; Illinois,20195.0,17,31,39326.0,2018-2022
OAKLAND,Census Tract 3602; Cook County; Illinois,1896.0,17,31,3194.0,2018-2022
OHARE,Census Tract 7608.01; Cook County; Illinois,6440.0,17,31,13771.0,2018-2022
PORTAGE PARK,Census Tract 1502; Cook County; Illinois,32401.0,17,31,64213.0,2018-2022
PULLMAN,Census Tract 5001; Cook County; Illinois,4191.0,17,31,6856.0,2018-2022
RIVERDALE,Census Tract 5401.01; Cook County; Illinois,4995.0,17,31,7817.0,2018-2022
ROGERS PARK,Census Tract 101; Cook County; Illinois,26482.0,17,31,51238.0,2018-2022
ROSELAND,Census Tract 4902; Cook County; Illinois,20184.0,17,31,37610.0,2018-2022
SOUTH CHICAGO,Census Tract 4601; Cook County; Illinois,16338.0,17,31,30315.0,2018-2022
SOUTH DEERING,Census Tract 5101; Cook County; Illinois,8625.0,17,31,15218.0,2018-2022
SOUTH LAWNDALE,Census Tract 3005; Cook County; Illinois,30180.0,17,31,69708.0,2018-2022
SOUTH SHORE,Census Tract 4301.01; Cook County; Illinois,23905.0,17,31,42017.0,2018-2022
UPTOWN,Census Tract 310; Cook County; Illinois,27692.0,17,31,57464.0,2018-2022
WASHINGTON HEIGHTS,Census Tract 7301; Cook County; Illinois,15084.0,17,31,26456.0,2018-2022
WASHINGTON PARK,Census Tract 4003; Cook County; Illinois,6798.0,17,31,12366.0,2018-2022
WEST ELSDON,Census Tract 6201; Cook County; Illinois,9201.0,17,31,18366.0,2018-2022
WEST ENGLEWOOD,Census Tract 6701; Cook County; Illinois,13337.0,17,31,25772.0,2018-2022
WEST GARFIELD PARK,Census Tract 2601; Cook County; Illinois,7975.0,17,31,16374.0,2018-2022
WEST LAWN,Census Tract 6501; Cook County; Illinois,16369.0,17,31,32594.0,2018-2022
WEST PULLMAN,Census Tract 5301; Cook County; Illinois,13697.0,17,31,25449.0,2018-2022
WEST RIDGE,Census Tract 201; Cook County; Illinois,38975.0,17,31,79265.0,2018-2022
WEST TOWN,Census Tract 2402; Cook County; Illinois,42157.0,17,31,85402.0,2018-2022
WOODLAWN,Census Tract 4201; Cook County; Illinois,14216.0,17,31,26495.0,2018-2022
